timestamp,roll_deg,pitch_deg,yaw_deg,rollspeed_dps,pitchspeed_dps,yawspeed_dps,ch1_roll,ch2_pitch,ch3_throttle,ch4_yaw,ch5,ch6,ch7,ch8,armed
2026-04-25T19:34:02.158,1.415,0.167,328.01,0.019,-0.035,0.011,0,0,0,0,0,0,0,0,1
2026-04-25T19:34:02.159,1.415,0.167,328.01,0.019,-0.035,0.011,0,0,0,0,0,0,0,0,1
2026-04-25T19:34:02.258,1.414,0.167,328.01,0.048,-0.026,0.021,0,0,0,0,0,0,0,0,1
2026-04-25T19:34:02.259,1.414,0.167,328.01,0.048,-0.026,0.021,0,0,0,0,0,0,0,0,1
2026-04-25T19:34:02.357,1.414,0.167,328.01,0.023,0.018,-0.006,0,0,0,0,0,0,0,0,1
2026-04-25T19:34:02.358,1.414,0.167,328.01,0.023,0.018,-0.006,0,0,0,0,0,0,0,0,1
2026-04-25T19:34:02.458,1.413,0.168,328.01,0.026,-0.023,0.009,0,0,0,0,0,0,0,0,1
2026-04-25T19:34:02.459,1.413,0.168,328.01,0.026,-0.023,0.009,0,0,0,0,0,0,0,0,1
2026-04-25T19:34:02.557,1.412,0.169,328.011,0.001,0.014,0.005,0,0,0,0,0,0,0,0,1
2026-04-25T19:34:02.558,1.412,0.169,328.011,0.001,0.014,0.005,0,0,0,0,0,0,0,0,1
2026-04-25T19:34:02.657,1.413,0.168,328.011,0.024,-0.016,-0.074,0,0,0,0,0,0,0,0,1
2026-04-25T19:34:02.658,1.413,0.168,328.011,0.024,-0.016,-0.074,0,0,0,0,0,0,0,0,1
2026-04-25T19:34:02.757,1.413,0.169,328.012,0.01,-0.019,0.001,0,0,0,0,0,0,0,0,1
2026-04-25T19:34:02.758,1.413,0.169,328.012,0.01,-0.019,0.001,0,0,0,0,0,0,0,0,1
2026-04-25T19:34:02.857,1.413,0.171,328.011,0.006,0.017,0.07,0,0,0,0,0,0,0,0,1
2026-04-25T19:34:02.859,1.413,0.171,328.011,0.006,0.017,0.07,0,0,0,0,0,0,0,0,1
2026-04-25T19:34:02.956,1.412,0.172,328.01,-0.03,0.034,-0.009,0,0,0,0,0,0,0,0,1
2026-04-25T19:34:02.957,1.412,0.172,328.01,-0.03,0.034,-0.009,0,0,0,0,0,0,0,0,1
2026-04-25T19:34:03.056,1.412,0.172,328.01,-0.03,0.034,-0.009,0,0,0,0,0,0,0,0,1
2026-04-25T19:34:03.057,1.411,0.172,328.01,-0.003,-0.036,-0.042,0,0,0,0,0,0,0,0,1
2026-04-25T19:34:03.057,1.411,0.172,328.01,-0.003,-0.036,-0.042,0,0,0,0,0,0,0,0,1
2026-04-25T19:34:03.156,1.411,0.173,328.011,0.041,0.008,-0.059,0,0,0,0,0,0,0,0,1
2026-04-25T19:34:03.157,1.411,0.173,328.011,0.041,0.008,-0.059,0,0,0,0,0,0,0,0,1
2026-04-25T19:34:03.256,1.41,0.174,328.011,-0.005,-0.033,0.016,0,0,0,0,0,0,0,0,1
2026-04-25T19:34:03.257,1.41,0.174,328.011,-0.005,-0.033,0.016,0,0,0,0,0,0,0,0,1
2026-04-25T19:34:03.356,1.411,0.174,328.011,-0.002,-0.028,-0.043,0,0,0,0,0,0,0,0,1
2026-04-25T19:34:03.357,1.411,0.174,328.011,-0.002,-0.028,-0.043,0,0,0,0,0,0,0,0,1
2026-04-25T19:34:03.455,1.411,0.174,328.01,0.047,-0.037,0.001,0,0,0,0,0,0,0,0,1
2026-04-25T19:34:03.456,1.411,0.174,328.01,0.047,-0.037,0.001,0,0,0,0,0,0,0,0,1
2026-04-25T19:34:03.555,1.412,0.174,328.01,0.025,0.006,-0.034,0,0,0,0,0,0,0,0,1
2026-04-25T19:34:03.556,1.412,0.174,328.01,0.025,0.006,-0.034,0,0,0,0,0,0,0,0,1
2026-04-25T19:34:03.656,1.411,0.175,328.009,0.004,0.026,-0.042,0,0,0,0,0,0,0,0,1
2026-04-25T19:34:03.656,1.411,0.175,328.009,0.004,0.026,-0.042,0,0,0,0,0,0,0,0,1
2026-04-25T19:34:03.755,1.414,0.172,328.006,0.628,-0.439,-0.325,0,0,0,0,0,0,0,0,1
2026-04-25T19:34:03.756,1.414,0.172,328.006,0.628,-0.439,-0.325,0,0,0,0,0,0,0,0,1
2026-04-25T19:34:03.855,1.414,0.174,328.01,0.019,0.141,1.341,0,0,0,0,0,0,0,0,1
2026-04-25T19:34:03.857,1.414,0.174,328.01,0.019,0.141,1.341,0,0,0,0,0,0,0,0,1
2026-04-25T19:34:03.955,1.413,0.172,327.993,-0.074,-0.029,-0.402,0,0,0,0,0,0,0,0,1
2026-04-25T19:34:03.956,1.413,0.172,327.993,-0.074,-0.029,-0.402,0,0,0,0,0,0,0,0,1
2026-04-25T19:34:04.054,1.413,0.172,327.993,-0.074,-0.029,-0.402,0,0,0,0,0,0,0,0,1
2026-04-25T19:34:04.055,1.413,0.169,328.006,-0.072,-0.016,0.163,0,0,0,0,0,0,0,0,1
2026-04-25T19:34:04.056,1.413,0.169,328.006,-0.072,-0.016,0.163,0,0,0,0,0,0,0,0,1
2026-04-25T19:34:04.154,1.406,0.177,328.01,-0.234,0.165,-0.159,0,0,0,0,0,0,0,0,1
2026-04-25T19:34:04.155,1.406,0.177,328.01,-0.234,0.165,-0.159,0,0,0,0,0,0,0,0,1
2026-04-25T19:34:04.255,1.408,0.175,327.998,-0.059,-0.032,-0.515,0,0,0,0,0,0,0,0,1
2026-04-25T19:34:04.255,1.408,0.175,327.998,-0.059,-0.032,-0.515,0,0,0,0,0,0,0,0,1
2026-04-25T19:34:04.355,1.414,0.167,328.011,0.021,-0.099,0.097,0,0,0,0,0,0,0,0,1
2026-04-25T19:34:04.356,1.414,0.167,328.011,0.021,-0.099,0.097,0,0,0,0,0,0,0,0,1
2026-04-25T19:34:04.455,1.416,0.167,328.019,-0.029,0.11,-0.093,0,0,0,0,0,0,0,0,1
2026-04-25T19:34:04.455,1.416,0.167,328.019,-0.029,0.11,-0.093,0,0,0,0,0,0,0,0,1
2026-04-25T19:34:04.555,1.411,0.167,327.895,-0.029,0.173,-0.874,0,0,0,0,0,0,0,0,1
2026-04-25T19:34:04.555,1.411,0.167,327.895,-0.029,0.173,-0.874,0,0,0,0,0,0,0,0,1
2026-04-25T19:34:04.654,1.492,0.142,328.201,3.133,-1.642,5.415,0,0,0,0,0,0,0,0,1
2026-04-25T19:34:04.654,1.492,0.142,328.201,3.133,-1.642,5.415,0,0,0,0,0,0,0,0,1
2026-04-25T19:34:04.753,1.619,0.604,328.572,-4.504,7.651,-0.353,0,0,0,0,0,0,0,0,1
2026-04-25T19:34:04.754,1.619,0.604,328.572,-4.504,7.651,-0.353,0,0,0,0,0,0,0,0,1
2026-04-25T19:34:04.853,1.588,1.381,329.169,-0.993,5.155,3.385,0,0,0,0,0,0,0,0,1
2026-04-25T19:34:04.854,1.588,1.381,329.169,-0.993,5.155,3.385,0,0,0,0,0,0,0,0,1
2026-04-25T19:34:04.953,1.487,2.132,329.548,-0.488,12.911,1.367,0,0,0,0,0,0,0,0,1
2026-04-25T19:34:04.954,1.487,2.132,329.548,-0.488,12.911,1.367,0,0,0,0,0,0,0,0,1
2026-04-25T19:34:05.053,1.487,2.132,329.548,-0.488,12.911,1.367,0,0,0,0,0,0,0,0,1
2026-04-25T19:34:05.054,2.143,2.597,329.207,-0.007,-1.771,-2.499,0,0,0,0,0,0,0,0,1
2026-04-25T19:34:05.055,2.143,2.597,329.207,-0.007,-1.771,-2.499,0,0,0,0,0,0,0,0,1
2026-04-25T19:34:05.153,1.671,1.505,328.961,-2.934,-3.314,1.589,0,0,0,0,0,0,0,0,1
2026-04-25T19:34:05.154,1.671,1.505,328.961,-2.934,-3.314,1.589,0,0,0,0,0,0,0,0,1
2026-04-25T19:34:05.252,2.502,2.014,328.938,13.674,14.694,1.705,0,0,0,0,0,0,0,0,1
2026-04-25T19:34:05.253,2.502,2.014,328.938,13.674,14.694,1.705,0,0,0,0,0,0,0,0,1
2026-04-25T19:34:05.353,4.079,3.856,329.347,18.925,18.939,1.508,0,0,0,0,0,0,0,0,1
2026-04-25T19:34:05.354,4.079,3.856,329.347,18.925,18.939,1.508,0,0,0,0,0,0,0,0,1
2026-04-25T19:34:05.453,4.516,5.196,329.342,-5.629,7.017,-4.221,0,0,0,0,0,0,0,0,1
2026-04-25T19:34:05.453,4.516,5.196,329.342,-5.629,7.017,-4.221,0,0,0,0,0,0,0,0,1
2026-04-25T19:34:05.553,2.711,5.033,328.518,-23.001,-8.173,-5.12,0,0,0,0,0,0,0,0,1
2026-04-25T19:34:05.553,2.711,5.033,328.518,-23.001,-8.173,-5.12,0,0,0,0,0,0,0,0,1
2026-04-25T19:34:05.652,0.924,4.872,329.093,-2.809,6.517,7.382,0,0,0,0,0,0,0,0,1
2026-04-25T19:34:05.652,0.924,4.872,329.093,-2.809,6.517,7.382,0,0,0,0,0,0,0,0,1
2026-04-25T19:34:05.753,1.963,6.413,329.459,10.056,17.706,-2.641,0,0,0,0,0,0,0,0,1
2026-04-25T19:34:05.753,1.963,6.413,329.459,10.056,17.706,-2.641,0,0,0,0,0,0,0,0,1
2026-04-25T19:34:05.852,1.893,6.947,328.878,-8.556,-8.494,-6.973,0,0,0,0,0,0,0,0,1
2026-04-25T19:34:05.854,1.893,6.947,328.878,-8.556,-8.494,-6.973,0,0,0,0,0,0,0,0,1
2026-04-25T19:34:05.952,0.477,6.478,328.682,-11.672,-2.786,-2.013,0,0,0,0,0,0,0,0,1
2026-04-25T19:34:05.952,0.477,6.478,328.682,-11.672,-2.786,-2.013,0,0,0,0,0,0,0,0,1
2026-04-25T19:34:06.051,0.477,6.478,328.682,-11.672,-2.786,-2.013,0,0,0,0,0,0,0,0,1
2026-04-25T19:34:06.052,0.233,6.524,328.528,4.31,2.75,-3.85,0,0,0,0,0,0,0,0,1
2026-04-25T19:34:06.052,0.233,6.524,328.528,4.31,2.75,-3.85,0,0,0,0,0,0,0,0,1
2026-04-25T19:34:06.151,0.883,6.794,328.308,14.047,-2.861,1.753,0,0,0,0,0,0,0,0,1
2026-04-25T19:34:06.152,0.883,6.794,328.308,14.047,-2.861,1.753,0,0,0,0,0,0,0,0,1
2026-04-25T19:34:06.254,2.871,6.237,328.785,23.816,-8.482,8.013,0,0,0,0,0,0,0,0,1
2026-04-25T19:34:06.254,2.871,6.237,328.785,23.816,-8.482,8.013,0,0,0,0,0,0,0,0,1
2026-04-25T19:34:06.353,6.36,5.224,329.896,45.038,-9.566,13.459,0,0,0,0,0,0,0,0,1
2026-04-25T19:34:06.353,6.36,5.224,329.896,45.038,-9.566,13.459,0,0,0,0,0,0,0,0,1
2026-04-25T19:34:06.450,12.287,3.953,330.752,69.634,-8.102,7.521,0,0,0,0,0,0,0,0,1
2026-04-25T19:34:06.451,12.287,3.953,330.752,69.634,-8.102,7.521,0,0,0,0,0,0,0,0,1
2026-04-25T19:34:06.553,19.844,3.239,331.763,74.482,-7.469,11.984,0,0,0,0,0,0,0,0,1
2026-04-25T19:34:06.553,19.844,3.239,331.763,74.482,-7.469,11.984,0,0,0,0,0,0,0,0,1
2026-04-25T19:34:06.652,27.161,1.93,333.459,62.377,-3.124,18.8,0,0,0,0,0,0,0,0,1
2026-04-25T19:34:06.653,27.161,1.93,333.459,62.377,-3.124,18.8,0,0,0,0,0,0,0,0,1
2026-04-25T19:34:06.752,33.132,0.637,334.416,52.481,-4.81,5.756,0,0,0,0,0,0,0,0,1
2026-04-25T19:34:06.753,33.132,0.637,334.416,52.481,-4.81,5.756,0,0,0,0,0,0,0,0,1
2026-04-25T19:34:06.851,38.968,0.231,335.445,51.642,6.319,10.741,0,0,0,0,0,0,0,0,1
2026-04-25T19:34:06.852,38.968,0.231,335.445,51.642,6.319,10.741,0,0,0,0,0,0,0,0,1
2026-04-25T19:34:06.951,41.66,-0.489,335.801,-0.076,-16.906,-2.575,0,0,0,0,0,0,0,0,1
2026-04-25T19:34:06.952,41.66,-0.489,335.801,-0.076,-16.906,-2.575,0,0,0,0,0,0,0,0,1
2026-04-25T19:34:07.051,41.66,-0.489,335.801,-0.076,-16.906,-2.575,0,0,0,0,0,0,0,0,1
2026-04-25T19:34:07.052,39.262,-2.016,333.82,-40.244,-18.563,-6.514,0,0,0,0,0,0,0,0,1
2026-04-25T19:34:07.052,39.262,-2.016,333.82,-40.244,-18.563,-6.514,0,0,0,0,0,0,0,0,1
2026-04-25T19:34:07.151,34.597,-2.067,332.461,-46.05,-5.116,-8.401,0,0,0,0,0,0,0,0,1
2026-04-25T19:34:07.152,34.597,-2.067,332.461,-46.05,-5.116,-8.401,0,0,0,0,0,0,0,0,1
2026-04-25T19:34:07.251,31.149,-3.322,331.507,-38.824,-10.038,-4.572,0,0,0,0,0,0,0,0,1
2026-04-25T19:34:07.252,31.149,-3.322,331.507,-38.824,-10.038,-4.572,0,0,0,0,0,0,0,0,1
2026-04-25T19:34:07.351,25.649,-3.626,330.662,-62.768,-5.138,-8.825,0,0,0,0,0,0,0,0,1
2026-04-25T19:34:07.352,25.649,-3.626,330.662,-62.768,-5.138,-8.825,0,0,0,0,0,0,0,0,1
2026-04-25T19:34:07.448,19.459,-3.508,329.586,-64.939,2.27,-11.966,0,0,0,0,0,0,0,0,1
2026-04-25T19:34:07.449,19.459,-3.508,329.586,-64.939,2.27,-11.966,0,0,0,0,0,0,0,0,1
2026-04-25T19:34:07.548,13.002,-2.618,328.313,-62.501,4.246,-17.122,0,0,0,0,0,0,0,0,1
2026-04-25T19:34:07.549,13.002,-2.618,328.313,-62.501,4.246,-17.122,0,0,0,0,0,0,0,0,1
2026-04-25T19:34:07.648,8.224,-2.369,326.819,-39.438,0.68,-16.827,0,0,0,0,0,0,0,0,1
2026-04-25T19:34:07.649,8.224,-2.369,326.819,-39.438,0.68,-16.827,0,0,0,0,0,0,0,0,1
2026-04-25T19:34:07.747,5.15,-1.854,325.761,-20.484,7.063,-6.813,0,0,0,0,0,0,0,0,1
2026-04-25T19:34:07.748,5.15,-1.854,325.761,-20.484,7.063,-6.813,0,0,0,0,0,0,0,0,1
2026-04-25T19:34:07.847,3.31,-0.235,325.63,-28.825,27.263,3.183,0,0,0,0,0,0,0,0,1
2026-04-25T19:34:07.848,3.31,-0.235,325.63,-28.825,27.263,3.183,0,0,0,0,0,0,0,0,1
2026-04-25T19:34:07.948,-1.83,3.129,325.547,-75.049,39.427,-5.272,0,0,0,0,0,0,0,0,1
2026-04-25T19:34:07.948,-1.83,3.129,325.547,-75.049,39.427,-5.272,0,0,0,0,0,0,0,0,1
2026-04-25T19:34:08.047,-1.83,3.129,325.547,-75.049,39.427,-5.272,0,0,0,0,0,0,0,0,1
2026-04-25T19:34:08.048,-11.885,6.377,323.957,-113.005,28.215,-13.663,0,0,0,0,0,0,0,0,1
2026-04-25T19:34:08.048,-11.885,6.377,323.957,-113.005,28.215,-13.663,0,0,0,0,0,0,0,0,1
2026-04-25T19:34:08.147,-22.378,8.825,321.868,-80.792,30.151,-9.3,0,0,0,0,0,0,0,0,1
2026-04-25T19:34:08.148,-22.378,8.825,321.868,-80.792,30.151,-9.3,0,0,0,0,0,0,0,0,1
2026-04-25T19:34:08.246,-28.536,12.506,319.319,-27.461,42.028,-6.644,0,0,0,0,0,0,0,0,1
2026-04-25T19:34:08.247,-28.536,12.506,319.319,-27.461,42.028,-6.644,0,0,0,0,0,0,0,0,1
2026-04-25T19:34:08.346,-29.964,15.856,317.97,-3.253,23.191,13.604,0,0,0,0,0,0,0,0,1
2026-04-25T19:34:08.347,-29.964,15.856,317.97,-3.253,23.191,13.604,0,0,0,0,0,0,0,0,1
2026-04-25T19:34:08.446,-30.2,17.763,318.664,-9.156,6.714,8.76,0,0,0,0,0,0,0,0,1
2026-04-25T19:34:08.447,-30.2,17.763,318.664,-9.156,6.714,8.76,0,0,0,0,0,0,0,0,1
2026-04-25T19:34:08.546,-30.131,19.696,318.985,13.172,24.237,14.614,0,0,0,0,0,0,0,0,1
2026-04-25T19:34:08.547,-30.131,19.696,318.985,13.172,24.237,14.614,0,0,0,0,0,0,0,0,1
2026-04-25T19:34:08.646,-25.85,22.588,319.837,57.707,9.168,21.228,0,0,0,0,0,0,0,0,1
2026-04-25T19:34:08.647,-25.85,22.588,319.837,57.707,9.168,21.228,0,0,0,0,0,0,0,0,1
2026-04-25T19:34:08.748,-17.75,22.543,321.859,78.001,-22.901,17.114,0,0,0,0,0,0,0,0,1
2026-04-25T19:34:08.749,-17.75,22.543,321.859,78.001,-22.901,17.114,0,0,0,0,0,0,0,0,1
2026-04-25T19:34:08.846,-9.664,18.305,325.442,67.517,-79.767,28.35,0,0,0,0,0,0,0,0,1
2026-04-25T19:34:08.846,-9.664,18.305,325.442,67.517,-79.767,28.35,0,0,0,0,0,0,0,0,1
2026-04-25T19:34:08.945,-2.745,10.075,329.672,42.05,-72.996,29.531,0,0,0,0,0,0,0,0,1
2026-04-25T19:34:08.946,-2.745,10.075,329.672,42.05,-72.996,29.531,0,0,0,0,0,0,0,0,1
2026-04-25T19:34:09.045,-2.745,10.075,329.672,42.05,-72.996,29.531,0,0,0,0,0,0,0,0,1
2026-04-25T19:34:09.046,0.643,4.417,331.927,18.032,-37.626,10.81,0,0,0,0,0,0,0,0,1
2026-04-25T19:34:09.046,0.643,4.417,331.927,18.032,-37.626,10.81,0,0,0,0,0,0,0,0,1
2026-04-25T19:34:09.145,1.623,0.829,332.371,6.405,-42.012,3.754,0,0,0,0,0,0,0,0,1
2026-04-25T19:34:09.146,1.623,0.829,332.371,6.405,-42.012,3.754,0,0,0,0,0,0,0,0,1
2026-04-25T19:34:09.245,2.743,-4.922,332.622,15.239,-68.799,12.324,0,0,0,0,0,0,0,0,1
2026-04-25T19:34:09.246,2.743,-4.922,332.622,15.239,-68.799,12.324,0,0,0,0,0,0,0,0,1
2026-04-25T19:34:09.348,4.89,-12.764,333.378,24.61,-83.655,19.975,0,0,0,0,0,0,0,0,1
2026-04-25T19:34:09.348,4.89,-12.764,333.378,24.61,-83.655,19.975,0,0,0,0,0,0,0,0,1
2026-04-25T19:34:09.448,7.04,-21.049,334.456,15.863,-68.778,20.283,0,0,0,0,0,0,0,0,1
2026-04-25T19:34:09.448,7.04,-21.049,334.456,15.863,-68.778,20.283,0,0,0,0,0,0,0,0,1
2026-04-25T19:34:09.548,8.436,-26.297,334.793,10.989,-29.094,-5.242,0,0,0,0,0,0,0,0,1
2026-04-25T19:34:09.548,8.436,-26.297,334.793,10.989,-29.094,-5.242,0,0,0,0,0,0,0,0,1
2026-04-25T19:34:09.647,10.387,-25.63,333.6,13.984,35.715,-19.753,0,0,0,0,0,0,0,0,1
2026-04-25T19:34:09.647,10.387,-25.63,333.6,13.984,35.715,-19.753,0,0,0,0,0,0,0,0,1
2026-04-25T19:34:09.745,11.872,-19.798,332.093,5.757,65.196,-33.24,0,0,0,0,0,0,0,0,1
2026-04-25T19:34:09.745,11.872,-19.798,332.093,5.757,65.196,-33.24,0,0,0,0,0,0,0,0,1
2026-04-25T19:34:09.847,12.114,-12.584,330.315,-13.715,64.067,-24.017,0,0,0,0,0,0,0,0,1
2026-04-25T19:34:09.847,12.114,-12.584,330.315,-13.715,64.067,-24.017,0,0,0,0,0,0,0,0,1
2026-04-25T19:34:09.946,8.613,-5.911,330.031,-54.805,62.121,-8.243,0,0,0,0,0,0,0,0,1
2026-04-25T19:34:09.947,8.613,-5.911,330.031,-54.805,62.121,-8.243,0,0,0,0,0,0,0,0,1
2026-04-25T19:34:10.043,8.613,-5.911,330.031,-54.805,62.121,-8.243,0,0,0,0,0,0,0,0,1
2026-04-25T19:34:10.044,4.006,-0.506,330.067,-40.418,42.317,-2.473,0,0,0,0,0,0,0,0,1
2026-04-25T19:34:10.047,4.006,-0.506,330.067,-40.418,42.317,-2.473,0,0,0,0,0,0,0,0,1
2026-04-25T19:34:10.147,1.825,2.519,330.143,-11.721,26.897,4.348,0,0,0,0,0,0,0,0,1
2026-04-25T19:34:10.147,1.825,2.519,330.143,-11.721,26.897,4.348,0,0,0,0,0,0,0,0,1
2026-04-25T19:34:10.243,0.713,5.7,330.426,-10.02,42.126,1.882,0,0,0,0,0,0,0,0,1
2026-04-25T19:34:10.244,0.713,5.7,330.426,-10.02,42.126,1.882,0,0,0,0,0,0,0,0,1
2026-04-25T19:34:10.343,0.183,11.557,330.607,-4.172,73.418,6.645,0,0,0,0,0,0,0,0,1
2026-04-25T19:34:10.344,0.183,11.557,330.607,-4.172,73.418,6.645,0,0,0,0,0,0,0,0,1
2026-04-25T19:34:10.443,-0.867,20.621,331.683,-18.602,100.892,11.579,0,0,0,0,0,0,0,0,1
2026-04-25T19:34:10.444,-0.867,20.621,331.683,-18.602,100.892,11.579,0,0,0,0,0,0,0,0,1
2026-04-25T19:34:10.542,-3.174,30.112,331.24,-28.462,83.162,-11.956,0,0,0,0,0,0,0,0,1
2026-04-25T19:34:10.543,-3.174,30.112,331.24,-28.462,83.162,-11.956,0,0,0,0,0,0,0,0,1
2026-04-25T19:34:10.643,-7.791,34.525,329.458,-43.187,7.481,-7.07,0,0,0,0,0,0,0,0,1
2026-04-25T19:34:10.645,-7.791,34.525,329.458,-43.187,7.481,-7.07,0,0,0,0,0,0,0,0,1
2026-04-25T19:34:10.743,-11.598,32.311,330.296,-34.343,-37.626,7.264,0,0,0,0,0,0,0,0,1
2026-04-25T19:34:10.743,-11.598,32.311,330.296,-34.343,-37.626,7.264,0,0,0,0,0,0,0,0,1
2026-04-25T19:34:10.843,-12.773,28.308,332.374,-5.013,-48.472,12.448,0,0,0,0,0,0,0,0,1
2026-04-25T19:34:10.843,-12.773,28.308,332.374,-5.013,-48.472,12.448,0,0,0,0,0,0,0,0,1
2026-04-25T19:34:10.942,-9.718,22.796,334.49,45.564,-54.273,0.955,0,0,0,0,0,0,0,0,1
2026-04-25T19:34:10.943,-9.718,22.796,334.49,45.564,-54.273,0.955,0,0,0,0,0,0,0,0,1
2026-04-25T19:34:11.042,-9.718,22.796,334.49,45.564,-54.273,0.955,0,0,0,0,0,0,0,0,1
2026-04-25T19:34:11.043,-3.667,19.038,332.026,80.9,-20.319,-49.289,0,0,0,0,0,0,0,0,1
2026-04-25T19:34:11.043,-3.667,19.038,332.026,80.9,-20.319,-49.289,0,0,0,0,0,0,0,0,1
2026-04-25T19:34:11.142,1.45,17.965,325.595,53.231,-5.163,-68.017,0,0,0,0,0,0,0,0,1
2026-04-25T19:34:11.142,1.45,17.965,325.595,53.231,-5.163,-68.017,0,0,0,0,0,0,0,0,1
2026-04-25T19:34:11.241,1.662,15.68,317.287,-0.747,-33.088,-88.868,0,0,0,0,0,0,0,0,1
2026-04-25T19:34:11.242,1.662,15.68,317.287,-0.747,-33.088,-88.868,0,0,0,0,0,0,0,0,1
2026-04-25T19:34:11.341,-1.944,12.133,307.227,-16.363,-31.588,-113.349,0,0,0,0,0,0,0,0,1
2026-04-25T19:34:11.342,-1.944,12.133,307.227,-16.363,-31.588,-113.349,0,0,0,0,0,0,0,0,1
2026-04-25T19:34:11.441,-4.256,7.792,296.245,2.403,-36.817,-92.601,0,0,0,0,0,0,0,0,1
2026-04-25T19:34:11.442,-4.256,7.792,296.245,2.403,-36.817,-92.601,0,0,0,0,0,0,0,0,1
2026-04-25T19:34:11.541,-3.588,5.757,286.733,38.291,12.238,-103.216,0,0,0,0,0,0,0,0,1
2026-04-25T19:34:11.542,-3.588,5.757,286.733,38.291,12.238,-103.216,0,0,0,0,0,0,0,0,1
2026-04-25T19:34:11.641,-1.153,8.306,276.673,36.016,32.586,-94.671,0,0,0,0,0,0,0,0,1
2026-04-25T19:34:11.641,-1.153,8.306,276.673,36.016,32.586,-94.671,0,0,0,0,0,0,0,0,1
2026-04-25T19:34:11.743,-0.486,9.229,268.967,-9.994,-24.273,-56.581,0,0,0,0,0,0,0,0,1
2026-04-25T19:34:11.744,-0.486,9.229,268.967,-9.994,-24.273,-56.581,0,0,0,0,0,0,0,0,1
2026-04-25T19:34:11.840,-3.394,5.969,264.642,-15.678,-7.096,-34.673,0,0,0,0,0,0,0,0,1
2026-04-25T19:34:11.841,-3.394,5.969,264.642,-15.678,-7.096,-34.673,0,0,0,0,0,0,0,0,1
2026-04-25T19:34:11.940,-4.804,4.776,263.517,-6.306,-21.544,1.839,0,0,0,0,0,0,0,0,1
2026-04-25T19:34:11.941,-4.804,4.776,263.517,-6.306,-21.544,1.839,0,0,0,0,0,0,0,0,1
2026-04-25T19:34:12.042,-4.804,4.776,263.517,-6.306,-21.544,1.839,0,0,0,0,0,0,0,0,1
2026-04-25T19:34:12.043,-3.72,4.144,265.753,27.123,2.369,35.064,0,0,0,0,0,0,0,0,1
2026-04-25T19:34:12.044,-3.72,4.144,265.753,27.123,2.369,35.064,0,0,0,0,0,0,0,0,1
2026-04-25T19:34:12.142,0.415,6.187,270.818,24.539,15.334,79.723,0,0,0,0,0,0,0,0,1
2026-04-25T19:34:12.143,0.415,6.187,270.818,24.539,15.334,79.723,0,0,0,0,0,0,0,0,1
2026-04-25T19:34:12.242,1.06,5.635,281.335,-15.935,-17.364,121.309,0,0,0,0,0,0,0,0,1
2026-04-25T19:34:12.243,1.06,5.635,281.335,-15.935,-17.364,121.309,0,0,0,0,0,0,0,0,1
2026-04-25T19:34:12.341,0.161,2.455,295.447,-18.561,-37.19,151.657,0,0,0,0,0,0,0,0,1
2026-04-25T19:34:12.342,0.161,2.455,295.447,-18.561,-37.19,151.657,0,0,0,0,0,0,0,0,1
2026-04-25T19:34:12.441,-1.263,-1.093,309.424,-12.327,-33.227,121.674,0,0,0,0,0,0,0,0,1
2026-04-25T19:34:12.442,-1.263,-1.093,309.424,-12.327,-33.227,121.674,0,0,0,0,0,0,0,0,1
2026-04-25T19:34:12.541,-2.416,-3.857,319.862,-1.83,-21.771,87.094,0,0,0,0,0,0,0,0,1
2026-04-25T19:34:12.542,-2.416,-3.857,319.862,-1.83,-21.771,87.094,0,0,0,0,0,0,0,0,1
2026-04-25T19:34:12.642,-2.31,-4.267,328.738,17.491,7.538,77.787,0,0,0,0,0,0,0,0,1
2026-04-25T19:34:12.642,-2.31,-4.267,328.738,17.491,7.538,77.787,0,0,0,0,0,0,0,0,1
2026-04-25T19:34:12.741,-0.451,-1.568,334.905,25.527,39.19,55.068,0,0,0,0,0,0,0,0,1
2026-04-25T19:34:12.742,-0.451,-1.568,334.905,25.527,39.19,55.068,0,0,0,0,0,0,0,0,1
2026-04-25T19:34:12.838,2.234,2.105,337.63,23.265,26.384,12.577,0,0,0,0,0,0,0,0,1
2026-04-25T19:34:12.839,2.234,2.105,337.63,23.265,26.384,12.577,0,0,0,0,0,0,0,0,1
2026-04-25T19:34:12.938,3.752,3.13,337.608,5.548,-3.727,-11.635,0,0,0,0,0,0,0,0,1
2026-04-25T19:34:12.939,3.752,3.13,337.608,5.548,-3.727,-11.635,0,0,0,0,0,0,0,0,1
2026-04-25T19:34:13.038,3.752,3.13,337.608,5.548,-3.727,-11.635,0,0,0,0,0,0,0,0,1
2026-04-25T19:34:13.039,3.375,3.127,336.598,-5.861,3.778,-7.605,0,0,0,0,0,0,0,0,1
2026-04-25T19:34:13.039,3.375,3.127,336.598,-5.861,3.778,-7.605,0,0,0,0,0,0,0,0,1
2026-04-25T19:34:13.139,3.21,3.778,336.11,4.658,7.488,-4.901,0,0,0,0,0,0,0,0,1
2026-04-25T19:34:13.139,3.21,3.778,336.11,4.658,7.488,-4.901,0,0,0,0,0,0,0,0,1
2026-04-25T19:34:13.238,4.15,4.119,335.893,5.338,1.401,0.789,0,0,0,0,0,0,0,0,1
2026-04-25T19:34:13.239,4.15,4.119,335.893,5.338,1.401,0.789,0,0,0,0,0,0,0,0,1
2026-04-25T19:34:13.337,3.503,3.774,335.601,-10.776,-11.148,-1.447,0,0,0,0,0,0,0,0,1
2026-04-25T19:34:13.338,3.503,3.774,335.601,-10.776,-11.148,-1.447,0,0,0,0,0,0,0,0,1
2026-04-25T19:34:13.437,3.11,1.954,336.016,-1.18,-19.289,4.377,0,0,0,0,0,0,0,0,1
2026-04-25T19:34:13.438,3.11,1.954,336.016,-1.18,-19.289,4.377,0,0,0,0,0,0,0,0,1
2026-04-25T19:34:13.537,2.875,1.027,335.448,-5.864,1.697,-7.772,0,0,0,0,0,0,0,0,1
2026-04-25T19:34:13.538,2.875,1.027,335.448,-5.864,1.697,-7.772,0,0,0,0,0,0,0,0,1
2026-04-25T19:34:13.638,2.275,0.756,334.935,-11.973,-8.323,-5.714,0,0,0,0,0,0,0,0,1
2026-04-25T19:34:13.638,2.275,0.756,334.935,-11.973,-8.323,-5.714,0,0,0,0,0,0,0,0,1
2026-04-25T19:34:13.739,1.457,-0.751,334.029,-5.168,-12.519,-8.466,0,0,0,0,0,0,0,0,1
2026-04-25T19:34:13.740,1.457,-0.751,334.029,-5.168,-12.519,-8.466,0,0,0,0,0,0,0,0,1
2026-04-25T19:34:13.839,1.18,-1.012,333.719,-8.669,1.037,3.318,0,0,0,0,0,0,0,0,1
2026-04-25T19:34:13.840,1.18,-1.012,333.719,-8.669,1.037,3.318,0,0,0,0,0,0,0,0,1
2026-04-25T19:34:13.936,0.835,-1.596,334.092,-0.518,-2.003,1.71,0,0,0,0,0,0,0,0,1
2026-04-25T19:34:13.937,0.835,-1.596,334.092,-0.518,-2.003,1.71,0,0,0,0,0,0,0,0,1
2026-04-25T19:34:14.036,0.835,-1.596,334.092,-0.518,-2.003,1.71,0,0,0,0,0,0,0,0,1
2026-04-25T19:34:14.037,2.186,-0.345,333.935,29.813,37.946,-1.799,0,0,0,0,0,0,0,0,1
2026-04-25T19:34:14.037,2.186,-0.345,333.935,29.813,37.946,-1.799,0,0,0,0,0,0,0,0,1
2026-04-25T19:34:14.137,3.12,2.571,334.535,-72.663,-43.317,17.068,0,0,0,0,0,0,0,0,1
2026-04-25T19:34:14.137,3.12,2.571,334.535,-72.663,-43.317,17.068,0,0,0,0,0,0,0,0,1
2026-04-25T19:34:14.236,1.697,0.15,335.478,1.113,1.308,5.389,0,0,0,0,0,0,0,0,1
2026-04-25T19:34:14.237,1.697,0.15,335.478,1.113,1.308,5.389,0,0,0,0,0,0,0,0,1
2026-04-25T19:34:14.336,1.699,0.151,335.475,-0.023,0.086,0.011,0,0,0,0,0,0,0,0,1
2026-04-25T19:34:14.337,1.699,0.151,335.475,-0.023,0.086,0.011,0,0,0,0,0,0,0,0,1
2026-04-25T19:34:14.435,1.708,0.151,335.478,-0.059,0.05,-0.003,0,0,0,0,0,0,0,0,1
2026-04-25T19:34:14.436,1.708,0.151,335.478,-0.059,0.05,-0.003,0,0,0,0,0,0,0,0,1
2026-04-25T19:34:14.535,1.714,0.154,335.478,0.003,-0.031,-0.005,0,0,0,0,0,0,0,0,1
2026-04-25T19:34:14.536,1.714,0.154,335.478,0.003,-0.031,-0.005,0,0,0,0,0,0,0,0,1
2026-04-25T19:34:14.636,1.719,0.159,335.479,0.043,-0.044,-0.055,0,0,0,0,0,0,0,0,1
2026-04-25T19:34:14.636,1.719,0.159,335.479,0.043,-0.044,-0.055,0,0,0,0,0,0,0,0,1
2026-04-25T19:34:14.735,1.724,0.163,335.479,0.012,0.013,-0.027,0,0,0,0,0,0,0,0,1
2026-04-25T19:34:14.736,1.724,0.163,335.479,0.012,0.013,-0.027,0,0,0,0,0,0,0,0,1
2026-04-25T19:34:14.835,1.728,0.166,335.481,-0.011,0.011,0.009,0,0,0,0,0,0,0,0,1
2026-04-25T19:34:14.835,1.728,0.166,335.481,-0.011,0.011,0.009,0,0,0,0,0,0,0,0,1
2026-04-25T19:34:14.938,1.732,0.169,335.48,0.044,-0.001,-0.025,0,0,0,0,0,0,0,0,1
2026-04-25T19:34:14.938,1.732,0.169,335.48,0.044,-0.001,-0.025,0,0,0,0,0,0,0,0,1
2026-04-25T19:34:15.037,1.732,0.169,335.48,0.044,-0.001,-0.025,0,0,0,0,0,0,0,0,1
2026-04-25T19:34:15.037,1.734,0.171,335.48,0.012,-0.044,-0.055,0,0,0,0,0,0,0,0,1
2026-04-25T19:34:15.037,1.734,0.171,335.48,0.012,-0.044,-0.055,0,0,0,0,0,0,0,0,1
2026-04-25T19:34:15.135,1.737,0.174,335.481,-0.018,-0.051,0.024,0,0,0,0,0,0,0,0,1
2026-04-25T19:34:15.135,1.737,0.174,335.481,-0.018,-0.051,0.024,0,0,0,0,0,0,0,0,1
